﻿Disease,censusdivision,prev_nis,prev_oerwd_w,stat_sig
Aspergillosis,1,5.5,4.9,0
Aspergillosis,2,4.7,4.2,1
Aspergillosis,3,5.1,4.6,1
Aspergillosis,4,4.5,4.1,1
Aspergillosis,5,4.8,4.3,0
Aspergillosis,6,4.4,3.9,0
Aspergillosis,7,4,3.6,1
Aspergillosis,8,5.4,4.8,1
Aspergillosis,9,9,8.1,1
Histoplasmosis,1,0.3,0.3,0
Histoplasmosis,2,0.5,0.4,1
Histoplasmosis,3,3,2.8,1
Histoplasmosis,4,3.3,3.1,1
Histoplasmosis,5,0.8,0.7,0
Histoplasmosis,6,4.5,4.3,0
Histoplasmosis,7,2.4,2.3,0
Histoplasmosis,8,0.6,0.5,0
Histoplasmosis,9,0.6,0.5,0